<?xml version="1.0" encoding="UTF-8" ?>
<XMLDB PATH="mod/jupyternotebook/db" VERSION="20190306" COMMENT="XMLDB file for Jupyter Notebook module"
    xmlns:xsi="http://www.w3.org/2001/XMLSchema-instance"
    xsi:noNamespaceSchemaLocation="../../../lib/xmldb/xmldb.xsd"
>
  <TABLES>
    <TABLE NAME="jupyternotebook" COMMENT="each record is one jupyter notebook resource">
      <FIELDS>
        <FIELD NAME="id" TYPE="int" LENGTH="10" NOTNULL="true" SEQUENCE="true"/>
        <FIELD NAME="course" TYPE="int" LENGTH="10" NOTNULL="true" DEFAULT="0" SEQUENCE="false"/>
        <FIELD NAME="name" TYPE="char" LENGTH="255" NOTNULL="true" SEQUENCE="false"/>
        <FIELD NAME="intro" TYPE="text" NOTNULL="false" SEQUENCE="false"/>
        <FIELD NAME="introformat" TYPE="int" LENGTH="4" NOTNULL="true" DEFAULT="0" SEQUENCE="false"/>
        <FIELD NAME="showdescription" TYPE="int" LENGTH="1" NOTNULL="false" DEFAULT="0" SEQUENCE="false"/>
        <FIELD NAME="displayoptions" TYPE="int" LENGTH="4" NOTNULL="false"  SEQUENCE="false"/>
        <FIELD NAME="serverurl" TYPE="text" NOTNULL="true" SEQUENCE="false"/>
        <FIELD NAME="jpcourseid" TYPE="text" NOTNULL="true" SEQUENCE="false"/>
        <FIELD NAME="jpnotebookid" TYPE="text" NOTNULL="false" SEQUENCE="false"/>
        <FIELD NAME="iframeheight" TYPE="int" LENGTH="10" NOTNULL="false" SEQUENCE="false"/>
        <FIELD NAME="timemodified" TYPE="int" LENGTH="10" NOTNULL="true" DEFAULT="0" SEQUENCE="false"/>
      </FIELDS>
      <KEYS>
        <KEY NAME="primary" TYPE="primary" FIELDS="id"/>
      </KEYS>
      <INDEXES>
        <INDEX NAME="course" UNIQUE="false" FIELDS="course"/>
      </INDEXES>
    </TABLE>
    <TABLE NAME="jp_notebook" COMMENT="each record is one personale jupyter notebook">
    <FIELDS>
      <FIELD NAME="id" TYPE="int" LENGTH="10" NOTNULL="true" SEQUENCE="true"/>
      <FIELD NAME="userid" TYPE="int" LENGTH="10" NOTNULL="true" DEFAULT="0" SEQUENCE="false"/>
      <FIELD NAME="personalnotebookid" TYPE="char" LENGTH="255" NOTNULL="true" SEQUENCE="false"/>
    </FIELDS>
    <KEYS>
      <KEY NAME="primary" TYPE="primary" FIELDS="id"/>
      <KEY NAME="userfk" TYPE="foreign" FIELDS="userid" REFTABLE="user" REFFIELDS="id" COMMENT="fk to user table"/>
    </KEYS>
  </TABLE>
  </TABLES>
</XMLDB>