[
    {
        "name": "clue/stream-filter",
        "version": "v1.4.1",
        "version_normalized": "1.4.1.0",
        "source": {
            "type": "git",
            "url": "https://github.com/clue/php-stream-filter.git",
            "reference": "5a58cc30a8bd6a4eb8f856adf61dd3e013f53f71"
        },
        "dist": {
            "type": "zip",
            "url": "https://api.github.com/repos/clue/php-stream-filter/zipball/5a58cc30a8bd6a4eb8f856adf61dd3e013f53f71",
            "reference": "5a58cc30a8bd6a4eb8f856adf61dd3e013f53f71",
            "shasum": ""
        },
        "require": {
            "php": ">=5.3"
        },
        "require-dev": {
            "phpunit/phpunit": "^5.0 || ^4.8"
        },
        "time": "2019-04-09T12:31:48+00:00",
        "type": "library",
        "installation-source": "dist",
        "autoload": {
            "psr-4": {
                "Clue\\StreamFilter\\": "src/"
            },
            "files": [
                "src/functions_include.php"
            ]
        },
        "notification-url": "https://packagist.org/downloads/",
        "license": [
            "MIT"
        ],
        "authors": [
            {
                "name": "Christian Lück",
                "email": "christian@lueck.tv"
            }
        ],
        "description": "A simple and modern approach to stream filtering in PHP",
        "homepage": "https://github.com/clue/php-stream-filter",
        "keywords": [
            "bucket brigade",
            "callback",
            "filter",
            "php_user_filter",
            "stream",
            "stream_filter_append",
            "stream_filter_register"
        ]
    },
    {
        "name": "guzzlehttp/guzzle",
        "version": "6.3.3",
        "version_normalized": "6.3.3.0",
        "source": {
            "type": "git",
            "url": "https://github.com/guzzle/guzzle.git",
            "reference": "407b0cb880ace85c9b63c5f9551db498cb2d50ba"
        },
        "dist": {
            "type": "zip",
            "url": "https://api.github.com/repos/guzzle/guzzle/zipball/407b0cb880ace85c9b63c5f9551db498cb2d50ba",
            "reference": "407b0cb880ace85c9b63c5f9551db498cb2d50ba",
            "shasum": ""
        },
        "require": {
            "guzzlehttp/promises": "^1.0",
            "guzzlehttp/psr7": "^1.4",
            "php": ">=5.5"
        },
        "require-dev": {
            "ext-curl": "*",
            "phpunit/phpunit": "^4.8.35 || ^5.7 || ^6.4 || ^7.0",
            "psr/log": "^1.0"
        },
        "suggest": {
            "psr/log": "Required for using the Log middleware"
        },
        "time": "2018-04-22T15:46:56+00:00",
        "type": "library",
        "extra": {
            "branch-alias": {
                "dev-master": "6.3-dev"
            }
        },
        "installation-source": "dist",
        "autoload": {
            "files": [
                "src/functions_include.php"
            ],
            "psr-4": {
                "GuzzleHttp\\": "src/"
            }
        },
        "notification-url": "https://packagist.org/downloads/",
        "license": [
            "MIT"
        ],
        "authors": [
            {
                "name": "Michael Dowling",
                "email": "mtdowling@gmail.com",
                "homepage": "https://github.com/mtdowling"
            }
        ],
        "description": "Guzzle is a PHP HTTP client library",
        "homepage": "http://guzzlephp.org/",
        "keywords": [
            "client",
            "curl",
            "framework",
            "http",
            "http client",
            "rest",
            "web service"
        ]
    },
    {
        "name": "guzzlehttp/promises",
        "version": "v1.3.1",
        "version_normalized": "1.3.1.0",
        "source": {
            "type": "git",
            "url": "https://github.com/guzzle/promises.git",
            "reference": "a59da6cf61d80060647ff4d3eb2c03a2bc694646"
        },
        "dist": {
            "type": "zip",
            "url": "https://api.github.com/repos/guzzle/promises/zipball/a59da6cf61d80060647ff4d3eb2c03a2bc694646",
            "reference": "a59da6cf61d80060647ff4d3eb2c03a2bc694646",
            "shasum": ""
        },
        "require": {
            "php": ">=5.5.0"
        },
        "require-dev": {
            "phpunit/phpunit": "^4.0"
        },
        "time": "2016-12-20T10:07:11+00:00",
        "type": "library",
        "extra": {
            "branch-alias": {
                "dev-master": "1.4-dev"
            }
        },
        "installation-source": "dist",
        "autoload": {
            "psr-4": {
                "GuzzleHttp\\Promise\\": "src/"
            },
            "files": [
                "src/functions_include.php"
            ]
        },
        "notification-url": "https://packagist.org/downloads/",
        "license": [
            "MIT"
        ],
        "authors": [
            {
                "name": "Michael Dowling",
                "email": "mtdowling@gmail.com",
                "homepage": "https://github.com/mtdowling"
            }
        ],
        "description": "Guzzle promises library",
        "keywords": [
            "promise"
        ]
    },
    {
        "name": "guzzlehttp/psr7",
        "version": "1.6.1",
        "version_normalized": "1.6.1.0",
        "source": {
            "type": "git",
            "url": "https://github.com/guzzle/psr7.git",
            "reference": "239400de7a173fe9901b9ac7c06497751f00727a"
        },
        "dist": {
            "type": "zip",
            "url": "https://api.github.com/repos/guzzle/psr7/zipball/239400de7a173fe9901b9ac7c06497751f00727a",
            "reference": "239400de7a173fe9901b9ac7c06497751f00727a",
            "shasum": ""
        },
        "require": {
            "php": ">=5.4.0",
            "psr/http-message": "~1.0",
            "ralouphie/getallheaders": "^2.0.5 || ^3.0.0"
        },
        "provide": {
            "psr/http-message-implementation": "1.0"
        },
        "require-dev": {
            "ext-zlib": "*",
            "phpunit/phpunit": "~4.8.36 || ^5.7.27 || ^6.5.8"
        },
        "suggest": {
            "zendframework/zend-httphandlerrunner": "Emit PSR-7 responses"
        },
        "time": "2019-07-01T23:21:34+00:00",
        "type": "library",
        "extra": {
            "branch-alias": {
                "dev-master": "1.6-dev"
            }
        },
        "installation-source": "dist",
        "autoload": {
            "psr-4": {
                "GuzzleHttp\\Psr7\\": "src/"
            },
            "files": [
                "src/functions_include.php"
            ]
        },
        "notification-url": "https://packagist.org/downloads/",
        "license": [
            "MIT"
        ],
        "authors": [
            {
                "name": "Michael Dowling",
                "email": "mtdowling@gmail.com",
                "homepage": "https://github.com/mtdowling"
            },
            {
                "name": "Tobias Schultze",
                "homepage": "https://github.com/Tobion"
            }
        ],
        "description": "PSR-7 message implementation that also provides common utility methods",
        "keywords": [
            "http",
            "message",
            "psr-7",
            "request",
            "response",
            "stream",
            "uri",
            "url"
        ]
    },
    {
        "name": "knplabs/github-api",
        "version": "2.11.0",
        "version_normalized": "2.11.0.0",
        "source": {
            "type": "git",
            "url": "https://github.com/KnpLabs/php-github-api.git",
            "reference": "7e67b4ccf9ef62fbd6321a314c61d3202c07b855"
        },
        "dist": {
            "type": "zip",
            "url": "https://api.github.com/repos/KnpLabs/php-github-api/zipball/7e67b4ccf9ef62fbd6321a314c61d3202c07b855",
            "reference": "7e67b4ccf9ef62fbd6321a314c61d3202c07b855",
            "shasum": ""
        },
        "require": {
            "php": "^5.6 || ^7.0",
            "php-http/cache-plugin": "^1.4",
            "php-http/client-common": "^1.6",
            "php-http/client-implementation": "^1.0",
            "php-http/discovery": "^1.0",
            "php-http/httplug": "^1.1",
            "psr/cache": "^1.0",
            "psr/http-message": "^1.0"
        },
        "require-dev": {
            "cache/array-adapter": "^0.4",
            "guzzlehttp/psr7": "^1.2",
            "php-http/guzzle6-adapter": "^1.0",
            "php-http/mock-client": "^1.0",
            "phpunit/phpunit": "^5.5 || ^6.0"
        },
        "time": "2019-01-28T19:31:35+00:00",
        "type": "library",
        "extra": {
            "branch-alias": {
                "dev-master": "2.11.x-dev"
            }
        },
        "installation-source": "dist",
        "autoload": {
            "psr-4": {
                "Github\\": "lib/Github/"
            }
        },
        "notification-url": "https://packagist.org/downloads/",
        "license": [
            "MIT"
        ],
        "authors": [
            {
                "name": "Thibault Duplessis",
                "email": "thibault.duplessis@gmail.com",
                "homepage": "http://ornicar.github.com"
            },
            {
                "name": "KnpLabs Team",
                "homepage": "http://knplabs.com"
            }
        ],
        "description": "GitHub API v3 client",
        "homepage": "https://github.com/KnpLabs/php-github-api",
        "keywords": [
            "api",
            "gh",
            "gist",
            "github"
        ]
    },
    {
        "name": "php-http/cache-plugin",
        "version": "1.6.0",
        "version_normalized": "1.6.0.0",
        "source": {
            "type": "git",
            "url": "https://github.com/php-http/cache-plugin.git",
            "reference": "8e2505d2090316fac7cce637b39b6bbb5249c5a8"
        },
        "dist": {
            "type": "zip",
            "url": "https://api.github.com/repos/php-http/cache-plugin/zipball/8e2505d2090316fac7cce637b39b6bbb5249c5a8",
            "reference": "8e2505d2090316fac7cce637b39b6bbb5249c5a8",
            "shasum": ""
        },
        "require": {
            "php": "^5.4 || ^7.0",
            "php-http/client-common": "^1.9 || ^2.0",
            "php-http/message-factory": "^1.0",
            "psr/cache": "^1.0",
            "symfony/options-resolver": "^2.6 || ^3.0 || ^4.0"
        },
        "require-dev": {
            "henrikbjorn/phpspec-code-coverage": "^1.0",
            "phpspec/phpspec": "^2.5"
        },
        "time": "2019-01-23T16:51:58+00:00",
        "type": "library",
        "extra": {
            "branch-alias": {
                "dev-master": "1.6-dev"
            }
        },
        "installation-source": "dist",
        "autoload": {
            "psr-4": {
                "Http\\Client\\Common\\Plugin\\": "src/"
            }
        },
        "notification-url": "https://packagist.org/downloads/",
        "license": [
            "MIT"
        ],
        "authors": [
            {
                "name": "Márk Sági-Kazár",
                "email": "mark.sagikazar@gmail.com"
            }
        ],
        "description": "PSR-6 Cache plugin for HTTPlug",
        "homepage": "http://httplug.io",
        "keywords": [
            "cache",
            "http",
            "httplug",
            "plugin"
        ]
    },
    {
        "name": "php-http/client-common",
        "version": "1.9.1",
        "version_normalized": "1.9.1.0",
        "source": {
            "type": "git",
            "url": "https://github.com/php-http/client-common.git",
            "reference": "0e156a12cc3e46f590c73bf57592a2252fc3dc48"
        },
        "dist": {
            "type": "zip",
            "url": "https://api.github.com/repos/php-http/client-common/zipball/0e156a12cc3e46f590c73bf57592a2252fc3dc48",
            "reference": "0e156a12cc3e46f590c73bf57592a2252fc3dc48",
            "shasum": ""
        },
        "require": {
            "php": "^5.4 || ^7.0",
            "php-http/httplug": "^1.1",
            "php-http/message": "^1.6",
            "php-http/message-factory": "^1.0",
            "symfony/options-resolver": "^2.6 || ^3.0 || ^4.0"
        },
        "require-dev": {
            "guzzlehttp/psr7": "^1.4",
            "phpspec/phpspec": "^2.5 || ^3.4 || ^4.2"
        },
        "suggest": {
            "php-http/cache-plugin": "PSR-6 Cache plugin",
            "php-http/logger-plugin": "PSR-3 Logger plugin",
            "php-http/stopwatch-plugin": "Symfony Stopwatch plugin"
        },
        "time": "2019-02-02T07:03:15+00:00",
        "type": "library",
        "extra": {
            "branch-alias": {
                "dev-master": "1.9.x-dev"
            }
        },
        "installation-source": "dist",
        "autoload": {
            "psr-4": {
                "Http\\Client\\Common\\": "src/"
            }
        },
        "notification-url": "https://packagist.org/downloads/",
        "license": [
            "MIT"
        ],
        "authors": [
            {
                "name": "Márk Sági-Kazár",
                "email": "mark.sagikazar@gmail.com"
            }
        ],
        "description": "Common HTTP Client implementations and tools for HTTPlug",
        "homepage": "http://httplug.io",
        "keywords": [
            "client",
            "common",
            "http",
            "httplug"
        ]
    },
    {
        "name": "php-http/discovery",
        "version": "1.7.0",
        "version_normalized": "1.7.0.0",
        "source": {
            "type": "git",
            "url": "https://github.com/php-http/discovery.git",
            "reference": "e822f86a6983790aa17ab13aa7e69631e86806b6"
        },
        "dist": {
            "type": "zip",
            "url": "https://api.github.com/repos/php-http/discovery/zipball/e822f86a6983790aa17ab13aa7e69631e86806b6",
            "reference": "e822f86a6983790aa17ab13aa7e69631e86806b6",
            "shasum": ""
        },
        "require": {
            "php": "^7.1"
        },
        "conflict": {
            "nyholm/psr7": "<1.0"
        },
        "require-dev": {
            "akeneo/phpspec-skip-example-extension": "^4.0",
            "php-http/httplug": "^1.0 || ^2.0",
            "php-http/message-factory": "^1.0",
            "phpspec/phpspec": "^5.1",
            "puli/composer-plugin": "1.0.0-beta10"
        },
        "suggest": {
            "php-http/message": "Allow to use Guzzle, Diactoros or Slim Framework factories",
            "puli/composer-plugin": "Sets up Puli which is recommended for Discovery to work. Check http://docs.php-http.org/en/latest/discovery.html for more details."
        },
        "time": "2019-06-30T09:04:27+00:00",
        "type": "library",
        "extra": {
            "branch-alias": {
                "dev-master": "1.7-dev"
            }
        },
        "installation-source": "dist",
        "autoload": {
            "psr-4": {
                "Http\\Discovery\\": "src/"
            }
        },
        "notification-url": "https://packagist.org/downloads/",
        "license": [
            "MIT"
        ],
        "authors": [
            {
                "name": "Márk Sági-Kazár",
                "email": "mark.sagikazar@gmail.com"
            }
        ],
        "description": "Finds installed HTTPlug implementations and PSR-7 message factories",
        "homepage": "http://php-http.org",
        "keywords": [
            "adapter",
            "client",
            "discovery",
            "factory",
            "http",
            "message",
            "psr7"
        ]
    },
    {
        "name": "php-http/guzzle6-adapter",
        "version": "v1.1.0",
        "version_normalized": "1.1.0.0",
        "source": {
            "type": "git",
            "url": "https://github.com/php-http/guzzle6-adapter.git",
            "reference": "c7a1c6b47530d88b7cb10949779505e2dbd8e7b4"
        },
        "dist": {
            "type": "zip",
            "url": "https://api.github.com/repos/php-http/guzzle6-adapter/zipball/c7a1c6b47530d88b7cb10949779505e2dbd8e7b4",
            "reference": "c7a1c6b47530d88b7cb10949779505e2dbd8e7b4",
            "shasum": ""
        },
        "require": {
            "guzzlehttp/guzzle": "^6.0",
            "php": ">=5.5.0",
            "php-http/httplug": "^1.0"
        },
        "provide": {
            "php-http/async-client-implementation": "1.0",
            "php-http/client-implementation": "1.0"
        },
        "require-dev": {
            "ext-curl": "*",
            "php-http/adapter-integration-tests": "^0.4"
        },
        "time": "2016-05-09T21:46:08+00:00",
        "type": "library",
        "extra": {
            "branch-alias": {
                "dev-master": "1.2-dev"
            }
        },
        "installation-source": "dist",
        "autoload": {
            "psr-4": {
                "Http\\Adapter\\Guzzle6\\": "src/"
            }
        },
        "notification-url": "https://packagist.org/downloads/",
        "license": [
            "MIT"
        ],
        "authors": [
            {
                "name": "Márk Sági-Kazár",
                "email": "mark.sagikazar@gmail.com"
            },
            {
                "name": "David de Boer",
                "email": "david@ddeboer.nl"
            }
        ],
        "description": "Guzzle 6 HTTP Adapter",
        "homepage": "http://httplug.io",
        "keywords": [
            "Guzzle",
            "http"
        ]
    },
    {
        "name": "php-http/httplug",
        "version": "v1.1.0",
        "version_normalized": "1.1.0.0",
        "source": {
            "type": "git",
            "url": "https://github.com/php-http/httplug.git",
            "reference": "1c6381726c18579c4ca2ef1ec1498fdae8bdf018"
        },
        "dist": {
            "type": "zip",
            "url": "https://api.github.com/repos/php-http/httplug/zipball/1c6381726c18579c4ca2ef1ec1498fdae8bdf018",
            "reference": "1c6381726c18579c4ca2ef1ec1498fdae8bdf018",
            "shasum": ""
        },
        "require": {
            "php": ">=5.4",
            "php-http/promise": "^1.0",
            "psr/http-message": "^1.0"
        },
        "require-dev": {
            "henrikbjorn/phpspec-code-coverage": "^1.0",
            "phpspec/phpspec": "^2.4"
        },
        "time": "2016-08-31T08:30:17+00:00",
        "type": "library",
        "extra": {
            "branch-alias": {
                "dev-master": "1.1-dev"
            }
        },
        "installation-source": "dist",
        "autoload": {
            "psr-4": {
                "Http\\Client\\": "src/"
            }
        },
        "notification-url": "https://packagist.org/downloads/",
        "license": [
            "MIT"
        ],
        "authors": [
            {
                "name": "Eric GELOEN",
                "email": "geloen.eric@gmail.com"
            },
            {
                "name": "Márk Sági-Kazár",
                "email": "mark.sagikazar@gmail.com"
            }
        ],
        "description": "HTTPlug, the HTTP client abstraction for PHP",
        "homepage": "http://httplug.io",
        "keywords": [
            "client",
            "http"
        ]
    },
    {
        "name": "php-http/message",
        "version": "1.8.0",
        "version_normalized": "1.8.0.0",
        "source": {
            "type": "git",
            "url": "https://github.com/php-http/message.git",
            "reference": "ce8f43ac1e294b54aabf5808515c3554a19c1e1c"
        },
        "dist": {
            "type": "zip",
            "url": "https://api.github.com/repos/php-http/message/zipball/ce8f43ac1e294b54aabf5808515c3554a19c1e1c",
            "reference": "ce8f43ac1e294b54aabf5808515c3554a19c1e1c",
            "shasum": ""
        },
        "require": {
            "clue/stream-filter": "^1.4",
            "php": "^7.1",
            "php-http/message-factory": "^1.0.2",
            "psr/http-message": "^1.0"
        },
        "provide": {
            "php-http/message-factory-implementation": "1.0"
        },
        "require-dev": {
            "akeneo/phpspec-skip-example-extension": "^1.0",
            "coduo/phpspec-data-provider-extension": "^1.0",
            "ext-zlib": "*",
            "guzzlehttp/psr7": "^1.0",
            "henrikbjorn/phpspec-code-coverage": "^1.0",
            "phpspec/phpspec": "^2.4",
            "slim/slim": "^3.0",
            "zendframework/zend-diactoros": "^1.0"
        },
        "suggest": {
            "ext-zlib": "Used with compressor/decompressor streams",
            "guzzlehttp/psr7": "Used with Guzzle PSR-7 Factories",
            "slim/slim": "Used with Slim Framework PSR-7 implementation",
            "zendframework/zend-diactoros": "Used with Diactoros Factories"
        },
        "time": "2019-08-05T06:55:08+00:00",
        "type": "library",
        "extra": {
            "branch-alias": {
                "dev-master": "1.8-dev"
            }
        },
        "installation-source": "dist",
        "autoload": {
            "psr-4": {
                "Http\\Message\\": "src/"
            },
            "files": [
                "src/filters.php"
            ]
        },
        "notification-url": "https://packagist.org/downloads/",
        "license": [
            "MIT"
        ],
        "authors": [
            {
                "name": "Márk Sági-Kazár",
                "email": "mark.sagikazar@gmail.com"
            }
        ],
        "description": "HTTP Message related tools",
        "homepage": "http://php-http.org",
        "keywords": [
            "http",
            "message",
            "psr-7"
        ]
    },
    {
        "name": "php-http/message-factory",
        "version": "v1.0.2",
        "version_normalized": "1.0.2.0",
        "source": {
            "type": "git",
            "url": "https://github.com/php-http/message-factory.git",
            "reference": "a478cb11f66a6ac48d8954216cfed9aa06a501a1"
        },
        "dist": {
            "type": "zip",
            "url": "https://api.github.com/repos/php-http/message-factory/zipball/a478cb11f66a6ac48d8954216cfed9aa06a501a1",
            "reference": "a478cb11f66a6ac48d8954216cfed9aa06a501a1",
            "shasum": ""
        },
        "require": {
            "php": ">=5.4",
            "psr/http-message": "^1.0"
        },
        "time": "2015-12-19T14:08:53+00:00",
        "type": "library",
        "extra": {
            "branch-alias": {
                "dev-master": "1.0-dev"
            }
        },
        "installation-source": "dist",
        "autoload": {
            "psr-4": {
                "Http\\Message\\": "src/"
            }
        },
        "notification-url": "https://packagist.org/downloads/",
        "license": [
            "MIT"
        ],
        "authors": [
            {
                "name": "Márk Sági-Kazár",
                "email": "mark.sagikazar@gmail.com"
            }
        ],
        "description": "Factory interfaces for PSR-7 HTTP Message",
        "homepage": "http://php-http.org",
        "keywords": [
            "factory",
            "http",
            "message",
            "stream",
            "uri"
        ]
    },
    {
        "name": "php-http/promise",
        "version": "v1.0.0",
        "version_normalized": "1.0.0.0",
        "source": {
            "type": "git",
            "url": "https://github.com/php-http/promise.git",
            "reference": "dc494cdc9d7160b9a09bd5573272195242ce7980"
        },
        "dist": {
            "type": "zip",
            "url": "https://api.github.com/repos/php-http/promise/zipball/dc494cdc9d7160b9a09bd5573272195242ce7980",
            "reference": "dc494cdc9d7160b9a09bd5573272195242ce7980",
            "shasum": ""
        },
        "require-dev": {
            "henrikbjorn/phpspec-code-coverage": "^1.0",
            "phpspec/phpspec": "^2.4"
        },
        "time": "2016-01-26T13:27:02+00:00",
        "type": "library",
        "extra": {
            "branch-alias": {
                "dev-master": "1.1-dev"
            }
        },
        "installation-source": "dist",
        "autoload": {
            "psr-4": {
                "Http\\Promise\\": "src/"
            }
        },
        "notification-url": "https://packagist.org/downloads/",
        "license": [
            "MIT"
        ],
        "authors": [
            {
                "name": "Márk Sági-Kazár",
                "email": "mark.sagikazar@gmail.com"
            },
            {
                "name": "Joel Wurtz",
                "email": "joel.wurtz@gmail.com"
            }
        ],
        "description": "Promise used for asynchronous HTTP requests",
        "homepage": "http://httplug.io",
        "keywords": [
            "promise"
        ]
    },
    {
        "name": "psr/cache",
        "version": "1.0.1",
        "version_normalized": "1.0.1.0",
        "source": {
            "type": "git",
            "url": "https://github.com/php-fig/cache.git",
            "reference": "d11b50ad223250cf17b86e38383413f5a6764bf8"
        },
        "dist": {
            "type": "zip",
            "url": "https://api.github.com/repos/php-fig/cache/zipball/d11b50ad223250cf17b86e38383413f5a6764bf8",
            "reference": "d11b50ad223250cf17b86e38383413f5a6764bf8",
            "shasum": ""
        },
        "require": {
            "php": ">=5.3.0"
        },
        "time": "2016-08-06T20:24:11+00:00",
        "type": "library",
        "extra": {
            "branch-alias": {
                "dev-master": "1.0.x-dev"
            }
        },
        "installation-source": "dist",
        "autoload": {
            "psr-4": {
                "Psr\\Cache\\": "src/"
            }
        },
        "notification-url": "https://packagist.org/downloads/",
        "license": [
            "MIT"
        ],
        "authors": [
            {
                "name": "PHP-FIG",
                "homepage": "http://www.php-fig.org/"
            }
        ],
        "description": "Common interface for caching libraries",
        "keywords": [
            "cache",
            "psr",
            "psr-6"
        ]
    },
    {
        "name": "psr/http-message",
        "version": "1.0.1",
        "version_normalized": "1.0.1.0",
        "source": {
            "type": "git",
            "url": "https://github.com/php-fig/http-message.git",
            "reference": "f6561bf28d520154e4b0ec72be95418abe6d9363"
        },
        "dist": {
            "type": "zip",
            "url": "https://api.github.com/repos/php-fig/http-message/zipball/f6561bf28d520154e4b0ec72be95418abe6d9363",
            "reference": "f6561bf28d520154e4b0ec72be95418abe6d9363",
            "shasum": ""
        },
        "require": {
            "php": ">=5.3.0"
        },
        "time": "2016-08-06T14:39:51+00:00",
        "type": "library",
        "extra": {
            "branch-alias": {
                "dev-master": "1.0.x-dev"
            }
        },
        "installation-source": "dist",
        "autoload": {
            "psr-4": {
                "Psr\\Http\\Message\\": "src/"
            }
        },
        "notification-url": "https://packagist.org/downloads/",
        "license": [
            "MIT"
        ],
        "authors": [
            {
                "name": "PHP-FIG",
                "homepage": "http://www.php-fig.org/"
            }
        ],
        "description": "Common interface for HTTP messages",
        "homepage": "https://github.com/php-fig/http-message",
        "keywords": [
            "http",
            "http-message",
            "psr",
            "psr-7",
            "request",
            "response"
        ]
    },
    {
        "name": "ralouphie/getallheaders",
        "version": "3.0.3",
        "version_normalized": "3.0.3.0",
        "source": {
            "type": "git",
            "url": "https://github.com/ralouphie/getallheaders.git",
            "reference": "120b605dfeb996808c31b6477290a714d356e822"
        },
        "dist": {
            "type": "zip",
            "url": "https://api.github.com/repos/ralouphie/getallheaders/zipball/120b605dfeb996808c31b6477290a714d356e822",
            "reference": "120b605dfeb996808c31b6477290a714d356e822",
            "shasum": ""
        },
        "require": {
            "php": ">=5.6"
        },
        "require-dev": {
            "php-coveralls/php-coveralls": "^2.1",
            "phpunit/phpunit": "^5 || ^6.5"
        },
        "time": "2019-03-08T08:55:37+00:00",
        "type": "library",
        "installation-source": "dist",
        "autoload": {
            "files": [
                "src/getallheaders.php"
            ]
        },
        "notification-url": "https://packagist.org/downloads/",
        "license": [
            "MIT"
        ],
        "authors": [
            {
                "name": "Ralph Khattar",
                "email": "ralph.khattar@gmail.com"
            }
        ],
        "description": "A polyfill for getallheaders."
    },
    {
        "name": "symfony/options-resolver",
        "version": "v4.3.4",
        "version_normalized": "4.3.4.0",
        "source": {
            "type": "git",
            "url": "https://github.com/symfony/options-resolver.git",
            "reference": "81c2e120522a42f623233968244baebd6b36cb6a"
        },
        "dist": {
            "type": "zip",
            "url": "https://api.github.com/repos/symfony/options-resolver/zipball/81c2e120522a42f623233968244baebd6b36cb6a",
            "reference": "81c2e120522a42f623233968244baebd6b36cb6a",
            "shasum": ""
        },
        "require": {
            "php": "^7.1.3"
        },
        "time": "2019-08-08T09:29:19+00:00",
        "type": "library",
        "extra": {
            "branch-alias": {
                "dev-master": "4.3-dev"
            }
        },
        "installation-source": "dist",
        "autoload": {
            "psr-4": {
                "Symfony\\Component\\OptionsResolver\\": ""
            },
            "exclude-from-classmap": [
                "/Tests/"
            ]
        },
        "notification-url": "https://packagist.org/downloads/",
        "license": [
            "MIT"
        ],
        "authors": [
            {
                "name": "Fabien Potencier",
                "email": "fabien@symfony.com"
            },
            {
                "name": "Symfony Community",
                "homepage": "https://symfony.com/contributors"
            }
        ],
        "description": "Symfony OptionsResolver Component",
        "homepage": "https://symfony.com",
        "keywords": [
            "config",
            "configuration",
            "options"
        ]
    }
]
