Ngày,Kỳ,s1,s2,s3,s4,s5,s6
28/06/2025,0,1,2,3,4,5,1
29/06/2025,1,7,9,10,16,19,9
29/06/2025,2,6,12,14,18,25,8
30/06/2025,3,2,8,16,23,24,9
30/06/2025,4,1,12,13,27,28,7
01/07/2025,5,1,18,25,27,33,5
01/07/2025,6,5,18,20,30,34,7
02/07/2025,7,13,20,23,27,35,1
02/07/2025,8,9,11,27,29,35,9
03/07/2025,9,28,32,33,34,35,8
03/07/2025,10,10,23,24,30,33,6
04/07/2025,11,1,3,7,10,24,8
04/07/2025,12,3,18,20,29,34,3
05/07/2025,13,5,14,15,23,34,5
05/07/2025,14,3,13,19,25,29,7
06/07/2025,15,3,11,12,27,32,10
06/07/2025,16,6,7,13,28,29,7
07/07/2025,17,1,8,14,19,23,6
07/07/2025,18,6,7,10,22,34,8
08/07/2025,19,14,15,17,28,31,8
08/07/2025,20,2,6,20,26,32,12
09/07/2025,21,1,2,12,25,31,12
09/07/2025,22,2,7,9,28,31,12
10/07/2025,23,11,17,24,28,30,5
10/07/2025,24,9,24,29,32,35,8
11/07/2025,25,8,11,17,18,20,1
11/07/2025,26,1,5,8,20,24,8
12/07/2025,27,5,14,26,31,35,7
12/07/2025,28,5,11,16,20,34,6
13/07/2025,29,13,15,19,22,27,10
13/07/2025,30,12,14,19,27,34,8
14/07/2025,31,2,3,12,14,22,3
14/07/2025,32,7,8,22,23,28,5
15/07/2025,33,3,7,12,19,26,6
15/07/2025,34,9,12,22,31,35,2
16/07/2025,35,7,11,13,17,25,9
16/07/2025,36,2,10,20,34,35,2
17/07/2025,37,1,4,8,18,29,7
17/07/2025,38,7,11,17,18,25,1
18/07/2025,39,2,10,12,16,34,2
18/07/2025,40,5,11,16,27,34,9
19/07/2025,41,5,19,20,21,30,11
19/07/2025,42,4,16,24,26,31,11
20/07/2025,43,9,14,28,33,35,10
20/07/2025,44,21,28,31,34,35,1
21/07/2025,45,8,20,24,27,28,3
21/07/2025,46,2,16,18,22,30,5
22/07/2025,47,3,14,16,21,25,5
22/07/2025,48,7,10,26,28,33,2
23/07/2025,49,3,21,28,33,34,5
23/07/2025,50,17,18,27,29,33,8
24/07/2025,51,7,8,18,22,33,7
24/07/2025,52,9,10,11,30,35,1
25/07/2025,53,9,10,19,22,24,7
25/07/2025,54,16,18,19,23,25,11
26/07/2025,55,1,7,12,16,23,8
26/07/2025,56,3,6,11,27,33,6
27/07/2025,57,1,14,19,25,27,8
27/07/2025,58,10,24,28,30,32,1
28/07/2025,59,1,3,28,32,33,11
28/07/2025,60,15,19,25,32,33,5
29/07/2025,61,1,5,16,28,29,8
29/07/2025,62,20,21,29,31,33,3
30/07/2025,63,4,9,10,18,19,2
30/07/2025,64,13,21,26,27,32,3
31/07/2025,65,3,10,24,26,34,6
31/07/2025,66,3,6,22,31,33,2
01/08/2025,67,12,14,16,22,23,9
01/08/2025,68,9,12,22,26,31,11
02/08/2025,69,1,3,7,10,25,11
02/08/2025,70,1,12,18,20,25,10
03/08/2025,71,1,6,8,23,25,12
03/08/2025,72,7,14,15,29,34,9
04/08/2025,73,5,20,25,30,32,10
04/08/2025,74,5,13,23,25,33,11
05/08/2025,75,8,20,24,30,34,1
05/08/2025,76,5,8,10,13,32,10
06/08/2025,77,12,25,31,32,35,4
06/08/2025,78,7,10,15,16,29,9
07/08/2025,79,1,18,27,29,30,7
07/08/2025,80,6,12,18,23,25,11
08/08/2025,81,2,15,22,30,33,6
08/08/2025,82,1,9,15,16,20,11
09/08/2025,83,2,15,20,24,28,10
09/08/2025,84,9,16,17,26,32,12
10/08/2025,85,8,16,18,28,34,7
10/08/2025,86,22,24,28,31,34,3
11/08/2025,87,2,9,11,17,23,3
11/08/2025,88,3,4,10,13,32,1
12/08/2025,89,8,17,24,25,33,5
12/08/2025,90,1,8,10,27,29,11
13/08/2025,91,20,22,25,28,32,1
13/08/2025,92,13,18,23,26,27,12
14/08/2025,93,11,19,22,27,35,10
14/08/2025,94,3,4,11,29,30,3
15/08/2025,95,5,6,27,33,34,8
15/08/2025,96,3,9,20,26,33,4
16/08/2025,97,8,21,24,33,34,3
16/08/2025,98,3,18,20,26,30,2
17/08/2025,99,15,20,23,27,30,4
17/08/2025,100,1,5,12,27,30,3
18/08/2025,101,1,4,17,33,34,6
18/08/2025,102,5,10,15,20,28,12
19/08/2025,103,3,10,24,30,33,4
19/08/2025,104,14,20,22,28,32,6
20/08/2025,105,5,10,15,24,25,7
20/08/2025,106,3,6,18,25,35,12
21/08/2025,107,2,4,13,15,26,1
21/08/2025,108,9,13,18,24,29,2
22/08/2025,109,8,9,32,33,34,2
22/08/2025,110,16,20,23,28,31,2
23/08/2025,111,4,13,14,26,30,8
23/08/2025,112,6,11,16,17,29,7
24/08/2025,113,8,9,21,23,30,12
24/08/2025,114,4,12,25,29,34,12
25/08/2025,115,1,7,14,25,26,1
25/08/2025,116,2,15,19,25,34,6
26/08/2025,117,13,20,25,27,30,11
26/08/2025,118,7,11,26,34,35,9
27/08/2025,119,7,11,17,22,35,8
27/08/2025,120,2,9,10,24,30,5
28/08/2025,121,3,18,19,23,30,7
28/08/2025,122,1,4,17,18,28,5
29/08/2025,123,8,10,21,27,31,5
29/08/2025,124,9,12,13,19,25,8
30/08/2025,125,7,11,18,20,27,10
30/08/2025,126,4,6,14,15,20,9
31/08/2025,127,1,8,19,21,30,11
31/08/2025,128,2,10,22,23,31,12
01/09/2025,129,9,22,24,30,35,7
01/09/2025,130,5,7,10,21,30,7
02/09/2025,131,1,10,12,22,31,2
02/09/2025,132,5,9,12,32,35,1
03/09/2025,133,1,6,9,17,26,4
03/09/2025,134,1,5,10,21,30,3
04/09/2025,135,12,17,23,26,29,12
04/09/2025,136,4,5,27,28,30,5
05/09/2025,137,1,4,20,23,35,11
05/09/2025,138,6,15,17,20,30,10
06/09/2025,139,7,11,13,27,34,4
06/09/2025,140,5,7,29,32,33,12
07/09/2025,141,1,3,10,14,15,7
07/09/2025,142,21,25,26,29,30,9
08/09/2025,143,11,14,19,21,25,2
08/09/2025,144,17,18,19,22,34,3
09/09/2025,145,3,4,21,26,33,5
09/09/2025,146,11,15,19,27,33,1
10/09/2025,147,6,13,14,23,29,6
10/09/2025,148,4,13,16,23,29,11
11/09/2025,149,1,6,25,28,30,2
11/09/2025,150,13,22,25,30,31,9
12/09/2025,151,15,17,19,20,34,3
12/09/2025,152,2,6,7,24,28,1
13/09/2025,153,3,19,26,33,34,8
13/09/2025,154,2,6,28,29,31,12
14/09/2025,155,1,6,7,11,31,3
14/09/2025,156,6,10,11,12,27,4
15/09/2025,157,1,11,16,25,29,7
15/09/2025,158,11,16,20,27,32,2
16/09/2025,159,8,14,16,19,29,7
16/09/2025,160,3,10,13,22,28,3
17/09/2025,161,1,12,14,19,20,7
17/09/2025,162,1,13,14,15,21,8
18/09/2025,163,11,13,15,17,30,6
18/09/2025,164,8,10,14,23,25,4
19/09/2025,165,10,27,29,30,34,10
19/09/2025,166,11,18,20,24,25,8
20/09/2025,167,3,14,20,23,35,6
20/09/2025,168,3,4,8,18,31,7
21/09/2025,169,5,13,15,22,23,4
21/09/2025,170,3,12,20,21,29,5
22/09/2025,171,5,15,26,30,34,5
22/09/2025,172,6,9,20,25,31,7
23/09/2025,173,1,2,3,10,11,4
23/09/2025,174,9,16,17,20,24,8
24/09/2025,175,8,11,15,18,28,2
24/09/2025,176,3,12,13,19,28,2
25/09/2025,177,1,3,14,22,28,6
25/09/2025,178,5,14,21,22,27,8
26/09/2025,179,10,12,15,17,22,8
26/09/2025,180,10,21,28,31,33,7
27/09/2025,181,6,18,19,21,23,7
27/09/2025,182,3,9,21,22,25,11
28/09/2025,183,4,7,10,15,30,7
28/09/2025,184,10,31,33,34,35,10
29/09/2025,185,6,15,17,23,25,5
29/09/2025,186,15,18,21,27,33,6
30/09/2025,187,3,5,8,23,29,1
30/09/2025,188,13,16,19,20,31,11
01/10/2025,189,2,9,14,15,35,8
01/10/2025,190,6,24,27,33,34,8
02/10/2025,191,19,22,26,27,33,5
02/10/2025,192,8,9,14,27,35,11
03/10/2025,193,6,7,8,10,33,1
03/10/2025,194,1,11,22,31,33,10
04/10/2025,195,21,23,26,27,28,6
04/10/2025,196,2,11,20,26,28,4
05/10/2025,197,8,9,22,32,33,12
05/10/2025,198,17,18,20,21,34,12
06/10/2025,199,3,4,9,11,21,5
06/10/2025,200,7,18,22,23,33,10
07/10/2025,201,2,16,17,30,33,7
07/10/2025,202,3,13,19,23,25,12
08/10/2025,203,1,7,8,28,34,11
08/10/2025,204,10,13,28,31,34,12
09/10/2025,205,7,21,24,25,28,3
09/10/2025,206,3,7,10,13,14,8
10/10/2025,207,3,10,13,24,31,10
10/10/2025,208,1,5,16,22,26,4
11/10/2025,209,2,18,19,29,32,7
11/10/2025,210,13,16,21,22,23,4
12/10/2025,211,8,15,22,26,28,11
12/10/2025,212,8,15,28,33,34,9
13/10/2025,213,2,17,32,33,34,3
13/10/2025,214,16,19,25,26,32,11
14/10/2025,215,7,12,14,20,28,4
14/10/2025,216,1,18,21,23,26,11
15/10/2025,217,1,4,14,15,32,8
15/10/2025,218,2,4,21,30,34,11
16/10/2025,219,1,9,12,20,23,1
16/10/2025,220,10,19,21,29,32,4
17/10/2025,221,18,25,26,34,35,7
17/10/2025,222,20,23,25,28,34,7
18/10/2025,223,6,8,13,24,25,3
18/10/2025,224,2,4,16,28,30,6
19/10/2025,225,7,12,23,30,35,4
19/10/2025,226,2,7,22,33,34,5
20/10/2025,227,17,19,29,31,35,11
20/10/2025,228,2,12,21,24,35,2
21/10/2025,229,1,14,20,31,32,3
21/10/2025,230,3,14,20,21,23,1
22/10/2025,231,7,12,20,32,34,7
22/10/2025,232,6,11,15,25,26,6
23/10/2025,233,6,10,11,12,30,4
23/10/2025,234,3,7,24,25,34,6
24/10/2025,235,2,4,11,15,20,6
24/10/2025,236,5,11,21,22,33,11
25/10/2025,237,1,10,14,19,25,4
25/10/2025,238,12,14,25,28,31,5
26/10/2025,239,17,22,24,31,32,1
26/10/2025,240,4,26,27,30,34,2
27/10/2025,241,8,9,25,26,32,6
27/10/2025,242,16,17,20,24,34,3
28/10/2025,243,10,14,28,33,34,7
28/10/2025,244,6,7,10,19,22,12
29/10/2025,245,1,8,17,20,24,1
29/10/2025,246,15,18,31,34,35,3
30/10/2025,247,11,20,23,27,34,5
30/10/2025,248,9,11,12,24,28,7
31/10/2025,249,5,8,15,17,18,10
31/10/2025,250,6,14,21,34,35,5
01/11/2025,251,6,11,14,20,30,9
01/11/2025,252,2,4,18,26,31,11
02/11/2025,253,4,8,14,24,32,1
02/11/2025,254,13,29,30,32,35,4
03/11/2025,255,4,6,11,20,33,1
03/11/2025,256,6,25,27,32,35,3
04/11/2025,257,6,7,8,21,34,1
04/11/2025,258,7,20,28,29,31,6
05/11/2025,259,6,11,25,33,35,10
05/11/2025,260,1,4,17,18,19,5
06/11/2025,261,3,13,14,19,28,9
06/11/2025,262,5,6,14,18,28,11
07/11/2025,263,2,14,15,20,33,9
07/11/2025,264,11,26,28,32,34,4
08/11/2025,265,5,9,13,22,34,12
08/11/2025,266,6,7,20,23,34,3
09/11/2025,267,3,5,15,21,23,10
09/11/2025,268,7,10,11,14,29,2
10/11/2025,269,4,9,13,24,27,12
10/11/2025,270,5,7,10,31,35,9
11/11/2025,271,4,6,9,23,33,12
11/11/2025,272,5,10,11,23,29,8
12/11/2025,273,3,11,12,28,31,12
12/11/2025,274,7,10,11,24,26,6
13/11/2025,275,7,9,21,27,30,4
13/11/2025,276,3,8,17,22,30,1
14/11/2025,277,14,19,22,26,28,7
14/11/2025,278,8,12,14,25,35,3
15/11/2025,279,2,15,20,22,32,10
15/11/2025,280,8,20,21,28,29,3
16/11/2025,281,2,15,21,22,28,7
16/11/2025,282,1,18,20,26,30,12
17/11/2025,283,3,13,14,18,34,2
17/11/2025,284,7,9,23,30,34,2
18/11/2025,285,3,17,30,33,34,8
18/11/2025,286,8,11,17,21,29,3
19/11/2025,287,9,20,24,26,34,12
19/11/2025,288,12,14,20,33,34,1
20/11/2025,289,6,14,21,24,30,5
20/11/2025,290,1,7,15,17,23,11
21/11/2025,291,7,8,10,24,25,8
21/11/2025,292,5,7,11,19,23,11
22/11/2025,293,17,23,28,30,31,2
22/11/2025,294,7,16,23,24,27,9
23/11/2025,295,5,19,22,34,35,12
23/11/2025,296,14,17,22,30,32,11
24/11/2025,297,11,12,15,28,33,6
24/11/2025,298,5,20,24,32,33,5
25/11/2025,299,5,12,28,31,33,7
25/11/2025,300,11,22,28,29,31,10
26/11/2025,301,11,14,19,21,27,8
26/11/2025,302,2,4,18,30,34,4
27/11/2025,303,4,8,14,20,32,1
27/11/2025,304,1,10,16,30,34,7
28/11/2025,305,2,18,20,30,34,9
28/11/2025,306,18,29,30,32,35,2
29/11/2025,307,2,12,22,30,32,9
29/11/2025,308,8,11,17,18,28,4
30/11/2025,309,11,19,24,27,32,4
30/11/2025,310,9,10,11,18,25,12
01/12/2025,311,3,16,21,29,34,12
01/12/2025,312,9,13,19,30,33,12
02/12/2025,313,1,2,4,14,23,7
02/12/2025,314,9,12,14,28,35,10
03/12/2025,315,4,8,22,24,34,5
03/12/2025,316,9,10,27,30,31,2
04/12/2025,317,2,7,11,20,26,10
04/12/2025,318,3,7,12,13,21,1
05/12/2025,319,13,18,20,28,30,3
05/12/2025,320,3,10,11,21,30,10
06/12/2025,321,5,7,13,22,34,11
06/12/2025,322,1,11,13,23,25,8
07/12/2025,323,11,17,21,23,31,2
07/12/2025,324,4,8,11,18,35,9
08/12/2025,325,2,3,16,23,31,12
08/12/2025,326,2,7,28,32,35,8
09/12/2025,327,1,8,10,13,32,3
09/12/2025,328,2,10,23,33,35,4
10/12/2025,329,1,24,30,34,35,3
10/12/2025,330,1,15,26,29,33,9
11/12/2025,331,7,8,10,12,32,2
11/12/2025,332,3,10,16,23,29,11
12/12/2025,333,8,25,30,33,34,11
12/12/2025,334,1,3,7,10,28,4
13/12/2025,335,1,11,26,29,35,10
13/12/2025,336,5,7,15,16,18,10
14/12/2025,337,8,13,14,27,35,6
14/12/2025,338,8,9,11,25,26,7
15/12/2025,339,1,2,5,12,16,9
15/12/2025,340,20,21,24,25,28,9
16/12/2025,341,2,3,7,16,17,10
16/12/2025,342,7,10,26,27,35,11
17/12/2025,343,6,23,27,28,30,6
17/12/2025,344,7,10,17,19,22,1
18/12/2025,345,14,15,17,27,34,8
18/12/2025,346,2,7,22,25,31,9
19/12/2025,347,4,5,13,29,35,5
19/12/2025,348,3,13,15,16,23,10
20/12/2025,349,1,7,9,16,30,11
20/12/2025,350,11,12,13,14,19,7
21/12/2025,351,6,16,28,33,35,8
21/12/2025,352,6,26,27,33,34,7
22/12/2025,353,8,12,14,24,27,9
22/12/2025,354,13,31,32,33,35,11
23/12/2025,355,3,23,28,32,35,9
23/12/2025,356,22,23,26,34,35,3
24/12/2025,357,1,2,4,10,33,3
24/12/2025,358,19,20,27,31,34,5
25/12/2025,359,5,12,25,28,33,8
25/12/2025,360,2,4,14,24,34,10
26/12/2025,361,1,2,19,21,31,3
26/12/2025,362,11,17,19,26,33,8
27/12/2025,363,1,2,20,24,33,10
27/12/2025,364,4,8,14,33,35,11
28/12/2025,365,11,14,27,30,35,9
28/12/2025,366,2,5,7,8,21,12
29/12/2025,367,4,6,13,16,30,10
29/12/2025,368,3,21,22,30,33,1
30/12/2025,369,2,13,19,23,24,11
30/12/2025,370,7,15,23,24,33,2
31/12/2025,371,11,21,25,28,33,3
31/12/2025,372,3,5,11,25,30,12
01/01/2026,373,11,17,23,26,34,12
01/01/2026,374,2,3,20,25,30,3
02/01/2026,375,13,17,22,23,29,8
02/01/2026,376,3,9,10,14,25,6
03/01/2026,377,7,11,12,22,30,5
03/01/2026,378,2,6,24,28,34,1
04/01/2026,379,12,14,22,25,29,1
04/01/2026,380,13,16,26,29,34,2
05/01/2026,381,5,13,14,19,26,9
05/01/2026,382,1,2,6,10,17,1
06/01/2026,383,7,25,26,27,31,5
06/01/2026,384,4,6,12,16,31,2
07/01/2026,385,22,27,29,33,34,3
07/01/2026,386,1,7,14,28,29,5
08/01/2026,387,4,9,13,25,30,6
08/01/2026,388,6,7,10,28,35,6
09/01/2026,389,1,25,28,32,35,12
09/01/2026,390,5,11,14,20,32,1
10/01/2026,391,13,14,21,26,31,10
10/01/2026,392,2,8,17,23,28,4
11/01/2026,393,4,6,24,25,26,7
11/01/2026,394,2,22,23,26,29,9
12/01/2026,395,4,14,19,22,26,7
12/01/2026,396,4,21,25,28,33,11
13/01/2026,397,10,15,16,18,26,9
13/01/2026,398,3,4,6,10,27,4
14/01/2026,399,3,4,5,19,35,8
14/01/2026,400,2,6,8,19,29,9
15/01/2026,401,6,9,23,24,25,7
15/01/2026,402,3,6,15,17,23,2
16/01/2026,403,1,3,10,26,34,3
16/01/2026,404,2,6,10,24,29,5
17/01/2026,405,13,18,24,29,32,1
17/01/2026,406,1,2,13,27,31,10
18/01/2026,407,3,13,14,20,35,12
18/01/2026,408,2,9,14,15,22,12
19/01/2026,409,5,13,14,19,21,10
19/01/2026,410,7,8,10,14,35,9
20/01/2026,411,1,15,19,21,26,2
20/01/2026,412,14,15,18,19,33,4
21/01/2026,413,8,16,24,29,30,5
21/01/2026,414,1,4,7,8,33,9
22/01/2026,415,8,17,20,27,31,12
22/01/2026,416,7,10,12,22,23,3
23/01/2026,417,10,13,25,31,32,1
23/01/2026,418,5,7,10,28,29,2
24/01/2026,419,13,15,22,27,31,10
24/01/2026,420,2,25,26,28,34,6
25/01/2026,421,15,18,27,32,35,11
25/01/2026,422,1,11,15,19,31,4
26/01/2026,423,3,18,25,29,32,8
26/01/2026,424,9,23,29,34,35,12
27/01/2026,425,5,8,9,14,28,2
27/01/2026,426,4,11,25,31,34,1
28/01/2026,427,2,20,21,24,32,1
28/01/2026,428,6,10,16,21,30,2
29/01/2026,429,4,11,17,26,31,11
29/01/2026,430,1,8,9,19,22,12
30/01/2026,431,11,19,27,29,33,5
30/01/2026,432,5,6,9,23,32,12
31/01/2026,433,7,14,15,26,27,9
31/01/2026,434,11,12,16,27,29,6
01/02/2026,435,7,15,19,22,34,9
01/02/2026,436,1,20,24,26,35,3
02/02/2026,437,13,14,15,19,22,3
02/02/2026,438,1,3,5,6,11,5
03/02/2026,439,19,23,24,32,33,10
03/02/2026,440,5,10,11,28,29,5
04/02/2026,441,7,14,15,27,35,3
04/02/2026,442,17,18,21,30,34,4
05/02/2026,443,7,10,13,16,20,9
05/02/2026,444,4,5,15,18,32,11
06/02/2026,445,3,5,15,18,28,3
06/02/2026,446,1,3,4,14,29,4
07/02/2026,447,2,3,9,10,31,12
07/02/2026,448,3,14,17,19,35,3
08/02/2026,449,8,9,11,16,23,9
08/02/2026,450,7,16,17,28,30,10
09/02/2026,451,4,9,17,18,35,7
09/02/2026,452,18,23,24,31,33,1
10/02/2026,453,3,18,29,30,31,9
10/02/2026,454,7,9,12,13,22,6
11/02/2026,455,9,20,23,26,34,10
11/02/2026,456,4,9,16,23,28,2
12/02/2026,457,6,10,11,26,29,3
12/02/2026,458,2,11,15,17,29,5
13/02/2026,459,5,11,12,29,32,4
13/02/2026,460,10,14,16,20,32,11
14/02/2026,461,13,20,22,32,34,12
14/02/2026,462,4,6,8,14,25,7
15/02/2026,463,1,3,5,10,26,9
15/02/2026,464,1,6,8,10,22,7
16/02/2026,465,7,18,22,27,29,4
16/02/2026,466,4,8,19,21,30,7
17/02/2026,467,19,21,22,23,31,4
17/02/2026,468,13,21,28,32,35,11
18/02/2026,469,11,17,25,30,32,6
18/02/2026,470,9,23,27,29,33,1
19/02/2026,471,1,13,14,19,30,1
19/02/2026,472,9,21,23,25,29,3
20/02/2026,473,10,12,27,30,31,12
20/02/2026,474,1,9,18,28,33,7
21/02/2026,475,5,8,11,13,18,2
21/02/2026,476,2,16,17,20,31,1
22/02/2026,477,8,9,19,29,30,4
22/02/2026,478,2,9,12,16,31,3
23/02/2026,479,7,10,11,18,27,6
23/02/2026,480,7,13,16,22,35,11
24/02/2026,481,12,14,22,23,30,9
24/02/2026,482,8,14,18,20,26,7
25/02/2026,483,11,16,19,21,32,10
25/02/2026,484,5,14,15,16,29,10
26/02/2026,485,3,14,19,27,33,10
26/02/2026,486,8,15,23,24,26,11
27/02/2026,487,2,13,19,25,27,1
27/02/2026,488,12,14,18,24,26,5
28/02/2026,489,1,3,5,8,24,12
28/02/2026,490,3,15,16,27,35,2
01/03/2026,491,10,13,19,27,35,12
01/03/2026,492,5,12,19,33,35,11
02/03/2026,493,1,7,15,34,35,12
02/03/2026,494,1,8,14,23,35,5
03/03/2026,495,15,16,28,31,32,10
03/03/2026,496,3,6,17,20,30,10
04/03/2026,497,4,10,17,22,26,9
04/03/2026,498,1,2,9,24,29,4
05/03/2026,499,14,15,16,17,30,2
05/03/2026,500,4,12,15,17,32,7
06/03/2026,501,7,9,17,21,30,3
06/03/2026,502,3,14,21,23,24,10
07/03/2026,503,8,12,22,25,33,9
07/03/2026,504,3,18,23,25,32,6
08/03/2026,505,11,23,24,26,27,2
08/03/2026,506,20,22,25,29,31,12
09/03/2026,507,1,13,17,29,35,2
09/03/2026,508,7,11,25,28,30,5
10/03/2026,509,13,19,21,24,29,10
10/03/2026,510,2,3,4,6,20,2
11/03/2026,511,11,16,22,26,33,9
11/03/2026,512,2,10,29,30,32,7
12/03/2026,513,6,8,17,20,24,10
12/03/2026,514,5,9,20,29,30,11
13/03/2026,515,5,16,18,20,25,5
13/03/2026,516,1,6,14,22,30,1
14/03/2026,517,4,5,6,24,26,8
14/03/2026,518,6,13,19,27,31,8
15/03/2026,519,2,9,31,32,35,2
15/03/2026,520,3,6,28,30,35,3
16/03/2026,521,4,13,21,28,32,11
16/03/2026,522,2,8,10,22,23,8
17/03/2026,523,3,9,21,33,35,2
17/03/2026,524,12,16,18,26,29,6
18/03/2026,525,1,5,11,29,34,6
18/03/2026,526,9,13,14,22,29,11
19/03/2026,527,3,7,14,21,22,8
19/03/2026,528,3,15,26,34,35,3
20/03/2026,529,3,14,25,28,32,2
20/03/2026,530,5,14,17,18,20,6
21/03/2026,531,3,6,11,13,17,3
21/03/2026,532,7,15,19,27,32,10
22/03/2026,533,5,8,11,12,26,6
22/03/2026,534,4,13,14,19,33,9
23/03/2026,535,3,4,6,14,27,2
23/03/2026,536,2,14,17,21,27,10
24/03/2026,537,5,18,19,26,30,9
24/03/2026,538,8,19,23,27,32,1
25/03/2026,539,13,19,26,29,32,7
25/03/2026,540,1,4,8,14,26,12
26/03/2026,541,15,23,28,30,33,8
26/03/2026,542,15,16,26,29,30,11
27/03/2026,543,13,21,25,27,34,10
27/03/2026,544,1,11,30,31,32,3
28/03/2026,545,6,7,10,12,26,3
28/03/2026,546,1,8,14,16,28,10
29/03/2026,547,3,7,13,19,21,11
29/03/2026,548,9,17,22,23,29,12
30/03/2026,549,2,3,22,24,34,8
30/03/2026,550,9,17,18,24,27,8
31/03/2026,551,9,15,18,20,32,2
31/03/2026,552,2,18,28,30,35,5
01/04/2026,553,4,14,22,31,34,7
01/04/2026,554,12,13,18,23,24,3
02/04/2026,555,4,6,21,25,30,5
02/04/2026,556,15,19,20,26,29,7
03/04/2026,557,14,18,23,25,27,1
03/04/2026,558,18,22,28,32,35,3
04/04/2026,559,3,9,15,19,31,1
04/04/2026,560,3,18,19,24,27,6
05/04/2026,561,6,10,11,18,25,7
05/04/2026,562,13,14,25,26,29,1
06/04/2026,563,3,13,16,33,34,4
06/04/2026,564,11,17,22,25,28,4
07/04/2026,565,9,18,21,26,34,4
07/04/2026,566,1,8,12,20,28,2
08/04/2026,567,10,16,19,22,32,12
08/04/2026,568,19,20,21,26,31,5
09/04/2026,569,1,7,18,33,34,1
09/04/2026,570,8,10,11,22,30,2
10/04/2026,571,8,17,21,31,35,5
10/04/2026,572,7,15,19,23,24,6
11/04/2026,573,7,13,15,19,32,9
11/04/2026,574,3,6,8,20,35,6
12/04/2026,575,18,23,32,33,34,2
12/04/2026,576,11,21,22,27,34,12
13/04/2026,577,12,15,23,26,32,8
13/04/2026,578,10,11,12,18,34,3
14/04/2026,579,7,11,12,14,27,11
14/04/2026,580,5,19,25,29,31,2
15/04/2026,581,1,15,20,32,35,8
15/04/2026,582,4,13,18,20,26,11
16/04/2026,583,12,14,25,30,31,6
16/04/2026,584,1,10,15,25,27,11
17/04/2026,585,6,10,15,19,22,5
17/04/2026,586,3,4,9,12,18,10
18/04/2026,587,17,19,30,32,34,2
18/04/2026,588,3,17,20,24,35,11
19/04/2026,589,4,10,16,17,21,8
19/04/2026,590,3,4,5,8,20,9
20/04/2026,591,7,10,14,16,34,1
20/04/2026,592,2,6,15,22,28,11
21/04/2026,593,3,12,13,30,31,1
21/04/2026,594,4,7,18,19,25,1
22/04/2026,595,1,2,9,17,34,1
22/04/2026,596,6,16,17,28,31,10
23/04/2026,597,6,7,26,30,33,5
23/04/2026,598,1,8,16,21,34,11
24/04/2026,599,1,5,6,14,27,5
24/04/2026,600,8,15,21,31,35,10
25/04/2026,601,4,17,22,24,29,1
25/04/2026,602,4,5,6,20,33,12
26/04/2026,603,8,12,13,16,24,9
