<?xml version="1.0"?>
<libraries>
    <library>
        <location>github/clue/stream-filter</location>
        <name>clue/stream-filter</name>
        <version>1.4.1</version>
        <license>MIT</license>
        <licenseversion></licenseversion>
    </library>
    <library>
        <location>github/guzzlehttp/guzzle</location>
        <name>guzzlehttp/guzzle</name>
        <version>6.3.3 </version>
        <license>MIT</license>
        <licenseversion></licenseversion>
    </library>
    <library>
        <location>github/guzzlehttp/promises</location>
        <name>guzzlehttp/promises</name>
        <version>1.3.1 </version>
        <license>MIT</license>
        <licenseversion></licenseversion>
    </library>
    <library>
        <location>github/guzzlehttp/psr7</location>
        <name>guzzlehttp/psr7</name>
        <version>1.6.0</version>
        <license>MIT</license>
        <licenseversion></licenseversion>
    </library>
    <library>
        <location>github/knplabs/github-api</location>
        <name>knplabs/github-api</name>
        <version>2.11.0</version>
        <license>MIT</license>
        <licenseversion></licenseversion>
    </library>
    <library>
        <location>github/php-http/cache-plugin</location>
        <name>php-http/cache-plugin</name>
        <version>1.6.0</version>
        <license>MIT</license>
        <licenseversion></licenseversion>
    </library>
    <library>
        <location>github/php-http/client-common</location>
        <name>php-http/client-commonn</name>
        <version>1.9.1</version>
        <license>MIT</license>
        <licenseversion></licenseversion>
    </library>
    <library>
        <location>github/php-http/discovery</location>
        <name>php-http/discovery</name>
        <version>1.7.0</version>
        <license>MIT</license>
        <licenseversion></licenseversion>
    </library>
    <library>
        <location>github/php-http/guzzle6-adapter</location>
        <name>php-http/guzzle6-adapter</name>
        <version>1.1.0</version>
        <license>MIT</license>
        <licenseversion></licenseversion>
    </library>
    <library>
        <location>github/php-http/httplug</location>
        <name>php-http/httplug</name>
        <version>1.1.0</version>
        <license>MIT</license>
        <licenseversion></licenseversion>
    </library>
    <library>
        <location>github/php-http/message</location>
        <name>php-http/message</name>
        <version>1.8.0</version>
        <license>MIT</license>
        <licenseversion></licenseversion>
    </library>
    <library>
        <location>github/php-http/message-factory</location>
        <name>php-http/message-factory</name>
        <version>1.0.2</version>
        <license>MIT</license>
        <licenseversion></licenseversion>
    </library>
    <library>
        <location>github/php-http/promise</location>
        <name>php-http/promise</name>
        <version>1.0.0</version>
        <license>MIT</license>
        <licenseversion></licenseversion>
    </library>
    <library>
        <location>github/psr/cache</location>
        <name>psr/cache</name>
        <version>1.0.1</version>
        <license>MIT</license>
        <licenseversion></licenseversion>
    </library>
    <library>
        <location>github/psr/http-message</location>
        <name>psr/http-message</name>
        <version>1.0.1</version>
        <license>MIT</license>
        <licenseversion></licenseversion>
    </library>
    <library>
        <location>github/ralouphie/getallheaders</location>
        <name>ralouphie/getallheaders</name>
        <version>1.0.0</version>
        <license>MIT</license>
        <licenseversion></licenseversion>
    </library>
    <library>
        <location>github/symfony/options-resolver</location>
        <name>symfony/options-resolver</name>
        <version>4.3.0</version>
        <license>MIT</license>
        <licenseversion></licenseversion>
    </library>
</libraries>